Customer Name,Customer ID,Phone no.
Scott Sheppard,1,7200931647
Stanley Lewis,2,7200931648
Javier Li,3,7200931649
Christopher Johnston,4,7200931650
Melissa Hicks,5,7200931651
Christian Maddox,6,7200931652
Paul Hammond,7,7200931653
Madison Williamson,8,7200931654
Rachael Duran,9,7200931655
Sherri Taylor,10,7200931656
Jennifer Weaver,11,7200931657
Kyle Blake,12,7200931658
James Bailey,13,7200931659
Heidi Wood,14,7200931660
Johnny Nguyen,15,7200931661
Olivia Watson,16,7200931662
Anita Jenkins,17,7200931663
John Coleman,18,7200931664
Adam Best,19,7200931665
Cheryl Peterson,20,7200931666
Rebecca Jensen,21,7200931667
Gabriel Norris,22,7200931668
Anne Murphy,23,7200931669
Thomas Phillips,24,7200931670
Nicholas Conley,25,7200931671
Jennifer Weaver,26,7200931672
Cory Miller,27,7200931673
Barbara Lopez,28,7200931674
Maria Campbell,29,7200931675
Duane Lee,30,7200931676
Danny Jones,31,7200931677
Hannah Moore,32,7200931678
Mckenzie Howe,33,7200931679
Ashley Williams,34,7200931680
Laura Randall,35,7200931681
Katherine Morris,36,7200931682
Martha Bradford,37,7200931683
Jessica Martinez,38,7200931684
Emily Myers,39,7200931685
Steven Villa,40,7200931686
David Walker,41,7200931687
Timothy Rodriguez,42,7200931688
Kevin Lucas,43,7200931689
Sarah Fischer,44,7200931690
Joshua Weeks,45,7200931691
Nicholas Conley,46,7200931692
Jeremy Stevens,47,7200931693
Paul Hammond,48,7200931694
Jerry Hernandez,49,7200931695
Scott Sheppard,50,7200931647
Stanley Lewis,51,7200931648
Javier Li,52,7200931649
Christopher Johnston,53,7200931650
Melissa Hicks,54,7200931651
Christian Maddox,55,7200931652
Paul Hammond,56,7200931653
Madison Williamson,57,7200931654
Rachael Duran,58,7200931655
Sherri Taylor,59,7200931656
Jennifer Weaver,60,7200931657
Kyle Blake,61,7200931658
James Bailey,62,7200931659
Heidi Wood,63,7200931660
Johnny Nguyen,64,7200931661
Olivia Watson,65,7200931662
Anita Jenkins,66,7200931663
John Coleman,67,7200931664
Adam Best,68,7200931665
Cheryl Peterson,69,7200931666
Rebecca Jensen,70,7200931667
Gabriel Norris,71,7200931668
Anne Murphy,72,7200931669
Thomas Phillips,73,7200931670
Nicholas Conley,74,7200931671
Jennifer Weaver,75,7200931672
Cory Miller,76,7200931673
Barbara Lopez,77,7200931674
Maria Campbell,78,7200931675
Duane Lee,79,7200931676
Danny Jones,80,7200931677
Hannah Moore,81,7200931678
Mckenzie Howe,82,7200931679
Ashley Williams,83,7200931680
Laura Randall,84,7200931681
Katherine Morris,85,7200931682
Martha Bradford,86,7200931683
Jessica Martinez,87,7200931684
Emily Myers,88,7200931685
Steven Villa,89,7200931686
David Walker,90,7200931687
Timothy Rodriguez,91,7200931688
Kevin Lucas,92,7200931689
Sarah Fischer,93,7200931690
Joshua Weeks,94,7200931691
Nicholas Conley,95,7200931692
Jeremy Stevens,96,7200931693
Paul Hammond,97,7200931694
Jerry Hernandez,98,7200931695
Scott Sheppard,99,7200931647
Stanley Lewis,100,7200931648
Javier Li,101,7200931649
Christopher Johnston,102,7200931650
Melissa Hicks,103,7200931651
Christian Maddox,104,7200931652
Paul Hammond,105,7200931653
Madison Williamson,106,7200931654
Rachael Duran,107,7200931655
Sherri Taylor,108,7200931656
Jennifer Weaver,109,7200931657
Kyle Blake,110,7200931658
James Bailey,111,7200931659
Heidi Wood,112,7200931660
Johnny Nguyen,113,7200931661
Olivia Watson,114,7200931662
Anita Jenkins,115,7200931663
John Coleman,116,7200931664
Adam Best,117,7200931665
Cheryl Peterson,118,7200931666
Rebecca Jensen,119,7200931667
Gabriel Norris,120,7200931668
Anne Murphy,121,7200931669
Thomas Phillips,122,7200931670
Nicholas Conley,123,7200931671
Jennifer Weaver,124,7200931672
Cory Miller,125,7200931673
Barbara Lopez,126,7200931674
Maria Campbell,127,7200931675
Duane Lee,128,7200931676
Danny Jones,129,7200931677
Hannah Moore,130,7200931678
Mckenzie Howe,131,7200931679
Ashley Williams,132,7200931680
Laura Randall,133,7200931681
Katherine Morris,134,7200931682
Martha Bradford,135,7200931683
Jessica Martinez,136,7200931684
Emily Myers,137,7200931685
Steven Villa,138,7200931686
David Walker,139,7200931687
Timothy Rodriguez,140,7200931688
Kevin Lucas,141,7200931689
Sarah Fischer,142,7200931690
Joshua Weeks,143,7200931691
Nicholas Conley,144,7200931692
Jeremy Stevens,145,7200931693
Paul Hammond,146,7200931694
Jerry Hernandez,147,7200931695
Scott Sheppard,148,7200931647
Stanley Lewis,149,7200931648
Javier Li,150,7200931649
Christopher Johnston,151,7200931650
Melissa Hicks,152,7200931651
Christian Maddox,153,7200931652
Paul Hammond,154,7200931653
Madison Williamson,155,7200931654
Rachael Duran,156,7200931655
Sherri Taylor,157,7200931656
Jennifer Weaver,158,7200931657
Kyle Blake,159,7200931658
James Bailey,160,7200931659
Heidi Wood,161,7200931660
Johnny Nguyen,162,7200931661
Olivia Watson,163,7200931662
Anita Jenkins,164,7200931663
John Coleman,165,7200931664
Adam Best,166,7200931665
Cheryl Peterson,167,7200931666
Rebecca Jensen,168,7200931667
Gabriel Norris,169,7200931668
Anne Murphy,170,7200931669
Thomas Phillips,171,7200931670
Nicholas Conley,172,7200931671
Jennifer Weaver,173,7200931672
Cory Miller,174,7200931673
Barbara Lopez,175,7200931674
Maria Campbell,176,7200931675
Duane Lee,177,7200931676
Danny Jones,178,7200931677
Hannah Moore,179,7200931678
Mckenzie Howe,180,7200931679
Ashley Williams,181,7200931680
Laura Randall,182,7200931681
Katherine Morris,183,7200931682
Martha Bradford,184,7200931683
Jessica Martinez,185,7200931684
Emily Myers,186,7200931685
Steven Villa,187,7200931686
David Walker,188,7200931687
Timothy Rodriguez,189,7200931688
Kevin Lucas,190,7200931689
Sarah Fischer,191,7200931690
Joshua Weeks,192,7200931691
Nicholas Conley,193,7200931692
Jeremy Stevens,194,7200931693
Paul Hammond,195,7200931694
Jerry Hernandez,196,7200931695
Scott Sheppard,197,7200931647
Stanley Lewis,198,7200931648
Javier Li,199,7200931649
Christopher Johnston,200,7200931650
Melissa Hicks,201,7200931651
Christian Maddox,202,7200931652
Paul Hammond,203,7200931653
Madison Williamson,204,7200931654
Rachael Duran,205,7200931655
Sherri Taylor,206,7200931656
Jennifer Weaver,207,7200931657
Kyle Blake,208,7200931658
James Bailey,209,7200931659
Heidi Wood,210,7200931660
Johnny Nguyen,211,7200931661
Olivia Watson,212,7200931662
Anita Jenkins,213,7200931663
John Coleman,214,7200931664
Adam Best,215,7200931665
Cheryl Peterson,216,7200931666
Rebecca Jensen,217,7200931667
Gabriel Norris,218,7200931668
Anne Murphy,219,7200931669
Thomas Phillips,220,7200931670
Nicholas Conley,221,7200931671
Jennifer Weaver,222,7200931672
Cory Miller,223,7200931673
Barbara Lopez,224,7200931674
Maria Campbell,225,7200931675
Duane Lee,226,7200931676
Danny Jones,227,7200931677
Hannah Moore,228,7200931678
Mckenzie Howe,229,7200931679
Ashley Williams,230,7200931680
Laura Randall,231,7200931681
Katherine Morris,232,7200931682
Martha Bradford,233,7200931683
Jessica Martinez,234,7200931684
Emily Myers,235,7200931685
Steven Villa,236,7200931686
David Walker,237,7200931687
Timothy Rodriguez,238,7200931688
Kevin Lucas,239,7200931689
Sarah Fischer,240,7200931690
Joshua Weeks,241,7200931691
Nicholas Conley,242,7200931692
Jeremy Stevens,243,7200931693
Paul Hammond,244,7200931694
Jerry Hernandez,245,7200931695
Scott Sheppard,246,7200931647
Stanley Lewis,247,7200931648
Javier Li,248,7200931649
Christopher Johnston,249,7200931650
Melissa Hicks,250,7200931651
Christian Maddox,251,7200931652
Paul Hammond,252,7200931653
Madison Williamson,253,7200931654
Rachael Duran,254,7200931655
Sherri Taylor,255,7200931656
Jennifer Weaver,256,7200931657
Kyle Blake,257,7200931658
James Bailey,258,7200931659
Heidi Wood,259,7200931660
Johnny Nguyen,260,7200931661
Olivia Watson,261,7200931662
Anita Jenkins,262,7200931663
John Coleman,263,7200931664
Adam Best,264,7200931665
Cheryl Peterson,265,7200931666
Rebecca Jensen,266,7200931667
Gabriel Norris,267,7200931668
Anne Murphy,268,7200931669
Thomas Phillips,269,7200931670
Nicholas Conley,270,7200931671
Jennifer Weaver,271,7200931672
Cory Miller,272,7200931673
Barbara Lopez,273,7200931674
Maria Campbell,274,7200931675
Duane Lee,275,7200931676
Danny Jones,276,7200931677
Hannah Moore,277,7200931678
Mckenzie Howe,278,7200931679
Ashley Williams,279,7200931680
Laura Randall,280,7200931681
Katherine Morris,281,7200931682
Martha Bradford,282,7200931683
Jessica Martinez,283,7200931684
Emily Myers,284,7200931685
Steven Villa,285,7200931686
David Walker,286,7200931687
Timothy Rodriguez,287,7200931688
Kevin Lucas,288,7200931689
Sarah Fischer,289,7200931690
Joshua Weeks,290,7200931691
Nicholas Conley,291,7200931692
Jeremy Stevens,292,7200931693
Paul Hammond,293,7200931694
Jerry Hernandez,294,7200931695
Scott Sheppard,295,7200931647
Stanley Lewis,296,7200931648
Javier Li,297,7200931649
Christopher Johnston,298,7200931650
Melissa Hicks,299,7200931651
Christian Maddox,300,7200931652
Paul Hammond,301,7200931653
Madison Williamson,302,7200931654
Rachael Duran,303,7200931655
Sherri Taylor,304,7200931656
Jennifer Weaver,305,7200931657
Kyle Blake,306,7200931658
James Bailey,307,7200931659
Heidi Wood,308,7200931660
Johnny Nguyen,309,7200931661
Olivia Watson,310,7200931662
Anita Jenkins,311,7200931663
John Coleman,312,7200931664
Adam Best,313,7200931665
Cheryl Peterson,314,7200931666
Rebecca Jensen,315,7200931667
Gabriel Norris,316,7200931668
Anne Murphy,317,7200931669
Thomas Phillips,318,7200931670
Nicholas Conley,319,7200931671
Jennifer Weaver,320,7200931672
Cory Miller,321,7200931673
Barbara Lopez,322,7200931674
Maria Campbell,323,7200931675
Duane Lee,324,7200931676
Danny Jones,325,7200931677
Hannah Moore,326,7200931678
Mckenzie Howe,327,7200931679
Ashley Williams,328,7200931680
Laura Randall,329,7200931681
Katherine Morris,330,7200931682
Martha Bradford,331,7200931683
Jessica Martinez,332,7200931684
Emily Myers,333,7200931685
Steven Villa,334,7200931686
David Walker,335,7200931687
Timothy Rodriguez,336,7200931688
Kevin Lucas,337,7200931689
Sarah Fischer,338,7200931690
Joshua Weeks,339,7200931691
Nicholas Conley,340,7200931692
Jeremy Stevens,341,7200931693
Paul Hammond,342,7200931694
Jerry Hernandez,343,7200931695
Scott Sheppard,344,7200931647
Stanley Lewis,345,7200931648
Javier Li,346,7200931649
Christopher Johnston,347,7200931650
Melissa Hicks,348,7200931651
Christian Maddox,349,7200931652
Paul Hammond,350,7200931653
Madison Williamson,351,7200931654
Rachael Duran,352,7200931655
Sherri Taylor,353,7200931656
Jennifer Weaver,354,7200931657
Kyle Blake,355,7200931658
James Bailey,356,7200931659
Heidi Wood,357,7200931660
Johnny Nguyen,358,7200931661
Olivia Watson,359,7200931662
Anita Jenkins,360,7200931663
John Coleman,361,7200931664
Adam Best,362,7200931665
Cheryl Peterson,363,7200931666
Rebecca Jensen,364,7200931667
Gabriel Norris,365,7200931668
Anne Murphy,366,7200931669
Thomas Phillips,367,7200931670
Nicholas Conley,368,7200931671
Jennifer Weaver,369,7200931672
Cory Miller,370,7200931673
Barbara Lopez,371,7200931674
Maria Campbell,372,7200931675
Duane Lee,373,7200931676
Danny Jones,374,7200931677
Hannah Moore,375,7200931678
Mckenzie Howe,376,7200931679
Ashley Williams,377,7200931680
Laura Randall,378,7200931681
Katherine Morris,379,7200931682
Martha Bradford,380,7200931683
Jessica Martinez,381,7200931684
Emily Myers,382,7200931685
Steven Villa,383,7200931686
David Walker,384,7200931687
Timothy Rodriguez,385,7200931688
Kevin Lucas,386,7200931689
Sarah Fischer,387,7200931690
Joshua Weeks,388,7200931691
Nicholas Conley,389,7200931692
Jeremy Stevens,390,7200931693
Paul Hammond,391,7200931694
Jerry Hernandez,392,7200931695
Scott Sheppard,393,7200931647
Stanley Lewis,394,7200931648
Javier Li,395,7200931649
Christopher Johnston,396,7200931650
Melissa Hicks,397,7200931651
Christian Maddox,398,7200931652
Paul Hammond,399,7200931653
Madison Williamson,400,7200931654
Rachael Duran,401,7200931655
Sherri Taylor,402,7200931656
Jennifer Weaver,403,7200931657
Kyle Blake,404,7200931658
James Bailey,405,7200931659
Heidi Wood,406,7200931660
Johnny Nguyen,407,7200931661
Olivia Watson,408,7200931662
Anita Jenkins,409,7200931663
John Coleman,410,7200931664
Adam Best,411,7200931665
Cheryl Peterson,412,7200931666
Rebecca Jensen,413,7200931667
Gabriel Norris,414,7200931668
Anne Murphy,415,7200931669
Thomas Phillips,416,7200931670
Nicholas Conley,417,7200931671
Jennifer Weaver,418,7200931672
Cory Miller,419,7200931673
Barbara Lopez,420,7200931674
Maria Campbell,421,7200931675
Duane Lee,422,7200931676
Danny Jones,423,7200931677
Hannah Moore,424,7200931678
Mckenzie Howe,425,7200931679
Ashley Williams,426,7200931680
Laura Randall,427,7200931681
Katherine Morris,428,7200931682
Martha Bradford,429,7200931683
Jessica Martinez,430,7200931684
Emily Myers,431,7200931685
Steven Villa,432,7200931686
David Walker,433,7200931687
Timothy Rodriguez,434,7200931688
Kevin Lucas,435,7200931689
Sarah Fischer,436,7200931690
Joshua Weeks,437,7200931691
Nicholas Conley,438,7200931692
Jeremy Stevens,439,7200931693
Paul Hammond,440,7200931694
Jerry Hernandez,441,7200931695
Scott Sheppard,442,7200931647
Stanley Lewis,443,7200931648
Javier Li,444,7200931649
Christopher Johnston,445,7200931650
Melissa Hicks,446,7200931651
Christian Maddox,447,7200931652
Paul Hammond,448,7200931653
Madison Williamson,449,7200931654
Rachael Duran,450,7200931655
Sherri Taylor,451,7200931656
Jennifer Weaver,452,7200931657
Kyle Blake,453,7200931658
James Bailey,454,7200931659
Heidi Wood,455,7200931660
Johnny Nguyen,456,7200931661
Olivia Watson,457,7200931662
Anita Jenkins,458,7200931663
John Coleman,459,7200931664
Adam Best,460,7200931665
Cheryl Peterson,461,7200931666
Rebecca Jensen,462,7200931667
Gabriel Norris,463,7200931668
Anne Murphy,464,7200931669
Thomas Phillips,465,7200931670
Nicholas Conley,466,7200931671
Jennifer Weaver,467,7200931672
Cory Miller,468,7200931673
Barbara Lopez,469,7200931674
Maria Campbell,470,7200931675
Duane Lee,471,7200931676
Danny Jones,472,7200931677
Hannah Moore,473,7200931678
Mckenzie Howe,474,7200931679
Ashley Williams,475,7200931680
Laura Randall,476,7200931681
Katherine Morris,477,7200931682
Martha Bradford,478,7200931683
Jessica Martinez,479,7200931684
Emily Myers,480,7200931685
Steven Villa,481,7200931686
David Walker,482,7200931687
Timothy Rodriguez,483,7200931688
Kevin Lucas,484,7200931689
Sarah Fischer,485,7200931690
Joshua Weeks,486,7200931691
Nicholas Conley,487,7200931692
Jeremy Stevens,488,7200931693
Paul Hammond,489,7200931694
Jerry Hernandez,490,7200931695
Scott Sheppard,491,7200931647
Stanley Lewis,492,7200931648
Javier Li,493,7200931649
Christopher Johnston,494,7200931650
Melissa Hicks,495,7200931651
Christian Maddox,496,7200931652
Paul Hammond,497,7200931653
Madison Williamson,498,7200931654
Rachael Duran,499,7200931655
Sherri Taylor,500,7200931656
Jennifer Weaver,501,7200931657
Kyle Blake,502,7200931658
James Bailey,503,7200931659
Heidi Wood,504,7200931660
Johnny Nguyen,505,7200931661
Olivia Watson,506,7200931662
Anita Jenkins,507,7200931663
John Coleman,508,7200931664
Adam Best,509,7200931665
Cheryl Peterson,510,7200931666
Rebecca Jensen,511,7200931667
Gabriel Norris,512,7200931668
Anne Murphy,513,7200931669
Thomas Phillips,514,7200931670
Nicholas Conley,515,7200931671
Jennifer Weaver,516,7200931672
Cory Miller,517,7200931673
Barbara Lopez,518,7200931674
Maria Campbell,519,7200931675
Duane Lee,520,7200931676
Danny Jones,521,7200931677
Hannah Moore,522,7200931678
Mckenzie Howe,523,7200931679
Ashley Williams,524,7200931680
Laura Randall,525,7200931681
Katherine Morris,526,7200931682
Martha Bradford,527,7200931683
Jessica Martinez,528,7200931684
Emily Myers,529,7200931685
Steven Villa,530,7200931686
David Walker,531,7200931687
Timothy Rodriguez,532,7200931688
Kevin Lucas,533,7200931689
Sarah Fischer,534,7200931690
Joshua Weeks,535,7200931691
Nicholas Conley,536,7200931692
Jeremy Stevens,537,7200931693
Paul Hammond,538,7200931694
Jerry Hernandez,539,7200931695
Scott Sheppard,540,7200931647
Stanley Lewis,541,7200931648
Javier Li,542,7200931649
Christopher Johnston,543,7200931650
Melissa Hicks,544,7200931651
Christian Maddox,545,7200931652
Paul Hammond,546,7200931653
Madison Williamson,547,7200931654
Rachael Duran,548,7200931655
Sherri Taylor,549,7200931656
Jennifer Weaver,550,7200931657
Kyle Blake,551,7200931658
James Bailey,552,7200931659
Heidi Wood,553,7200931660
Johnny Nguyen,554,7200931661
Olivia Watson,555,7200931662
Anita Jenkins,556,7200931663
John Coleman,557,7200931664
Adam Best,558,7200931665
Cheryl Peterson,559,7200931666
Rebecca Jensen,560,7200931667
Gabriel Norris,561,7200931668
Anne Murphy,562,7200931669
Thomas Phillips,563,7200931670
Nicholas Conley,564,7200931671
Jennifer Weaver,565,7200931672
Cory Miller,566,7200931673
Barbara Lopez,567,7200931674
Maria Campbell,568,7200931675
Duane Lee,569,7200931676
Danny Jones,570,7200931677
Hannah Moore,571,7200931678
Mckenzie Howe,572,7200931679
Ashley Williams,573,7200931680
Laura Randall,574,7200931681
Katherine Morris,575,7200931682
Martha Bradford,576,7200931683
Jessica Martinez,577,7200931684
Emily Myers,578,7200931685
Steven Villa,579,7200931686
David Walker,580,7200931687
Timothy Rodriguez,581,7200931688
Kevin Lucas,582,7200931689
Sarah Fischer,583,7200931690
Joshua Weeks,584,7200931691
Nicholas Conley,585,7200931692
Jeremy Stevens,586,7200931693
Paul Hammond,587,7200931694
Jerry Hernandez,588,7200931695
Scott Sheppard,589,7200931647
Stanley Lewis,590,7200931648
Javier Li,591,7200931649
Christopher Johnston,592,7200931650
Melissa Hicks,593,7200931651
Christian Maddox,594,7200931652
Paul Hammond,595,7200931653
Madison Williamson,596,7200931654
Rachael Duran,597,7200931655
Sherri Taylor,598,7200931656
Jennifer Weaver,599,7200931657
Kyle Blake,600,7200931658
James Bailey,601,7200931659
Heidi Wood,602,7200931660
Johnny Nguyen,603,7200931661
Olivia Watson,604,7200931662
Anita Jenkins,605,7200931663
John Coleman,606,7200931664
Adam Best,607,7200931665
Cheryl Peterson,608,7200931666
Rebecca Jensen,609,7200931667
Gabriel Norris,610,7200931668
Anne Murphy,611,7200931669
Thomas Phillips,612,7200931670
Nicholas Conley,613,7200931671
Jennifer Weaver,614,7200931672
Cory Miller,615,7200931673
Barbara Lopez,616,7200931674
Maria Campbell,617,7200931675
Duane Lee,618,7200931676
Danny Jones,619,7200931677
Hannah Moore,620,7200931678
Mckenzie Howe,621,7200931679
Ashley Williams,622,7200931680
Laura Randall,623,7200931681
Katherine Morris,624,7200931682
Martha Bradford,625,7200931683
Jessica Martinez,626,7200931684
Emily Myers,627,7200931685
Steven Villa,628,7200931686
David Walker,629,7200931687
Timothy Rodriguez,630,7200931688
Kevin Lucas,631,7200931689
Sarah Fischer,632,7200931690
Joshua Weeks,633,7200931691
Nicholas Conley,634,7200931692
Jeremy Stevens,635,7200931693
Paul Hammond,636,7200931694
Jerry Hernandez,637,7200931695
Scott Sheppard,638,7200931647
Stanley Lewis,639,7200931648
Javier Li,640,7200931649
Christopher Johnston,641,7200931650
Melissa Hicks,642,7200931651
Christian Maddox,643,7200931652
Paul Hammond,644,7200931653
Madison Williamson,645,7200931654
Rachael Duran,646,7200931655
Sherri Taylor,647,7200931656
Jennifer Weaver,648,7200931657
Kyle Blake,649,7200931658
James Bailey,650,7200931659
Heidi Wood,651,7200931660
Johnny Nguyen,652,7200931661
Olivia Watson,653,7200931662
Anita Jenkins,654,7200931663
John Coleman,655,7200931664
Adam Best,656,7200931665
Cheryl Peterson,657,7200931666
Rebecca Jensen,658,7200931667
Gabriel Norris,659,7200931668
Anne Murphy,660,7200931669
Thomas Phillips,661,7200931670
Nicholas Conley,662,7200931671
Jennifer Weaver,663,7200931672
Cory Miller,664,7200931673
Barbara Lopez,665,7200931674
Maria Campbell,666,7200931675
Duane Lee,667,7200931676
Danny Jones,668,7200931677
Hannah Moore,669,7200931678
Mckenzie Howe,670,7200931679
Ashley Williams,671,7200931680
Laura Randall,672,7200931681
Katherine Morris,673,7200931682
Martha Bradford,674,7200931683
Jessica Martinez,675,7200931684
Emily Myers,676,7200931685
Steven Villa,677,7200931686
David Walker,678,7200931687
Timothy Rodriguez,679,7200931688
Kevin Lucas,680,7200931689
Sarah Fischer,681,7200931690
Joshua Weeks,682,7200931691
Nicholas Conley,683,7200931692
Jeremy Stevens,684,7200931693
Paul Hammond,685,7200931694
Jerry Hernandez,686,7200931695
Scott Sheppard,687,7200931647
Stanley Lewis,688,7200931648
Javier Li,689,7200931649
Christopher Johnston,690,7200931650
Melissa Hicks,691,7200931651
Christian Maddox,692,7200931652
Paul Hammond,693,7200931653
Madison Williamson,694,7200931654
Rachael Duran,695,7200931655
Sherri Taylor,696,7200931656
Jennifer Weaver,697,7200931657
Kyle Blake,698,7200931658
James Bailey,699,7200931659
Heidi Wood,700,7200931660
Johnny Nguyen,701,7200931661
Olivia Watson,702,7200931662
Anita Jenkins,703,7200931663
John Coleman,704,7200931664
Adam Best,705,7200931665
Cheryl Peterson,706,7200931666
Rebecca Jensen,707,7200931667
Gabriel Norris,708,7200931668
Anne Murphy,709,7200931669
Thomas Phillips,710,7200931670
Nicholas Conley,711,7200931671
Jennifer Weaver,712,7200931672
Cory Miller,713,7200931673
Barbara Lopez,714,7200931674
Maria Campbell,715,7200931675
Duane Lee,716,7200931676
Danny Jones,717,7200931677
Hannah Moore,718,7200931678
Mckenzie Howe,719,7200931679
Ashley Williams,720,7200931680
Laura Randall,721,7200931681
Katherine Morris,722,7200931682
Martha Bradford,723,7200931683
Jessica Martinez,724,7200931684
Emily Myers,725,7200931685
Steven Villa,726,7200931686
David Walker,727,7200931687
Timothy Rodriguez,728,7200931688
Kevin Lucas,729,7200931689
Sarah Fischer,730,7200931690
Joshua Weeks,731,7200931691
Nicholas Conley,732,7200931692
Jeremy Stevens,733,7200931693
Paul Hammond,734,7200931694
Jerry Hernandez,735,7200931695
Scott Sheppard,736,7200931647
Stanley Lewis,737,7200931648
Javier Li,738,7200931649
Christopher Johnston,739,7200931650
Melissa Hicks,740,7200931651
Christian Maddox,741,7200931652
Paul Hammond,742,7200931653
Madison Williamson,743,7200931654
Rachael Duran,744,7200931655
Sherri Taylor,745,7200931656
Jennifer Weaver,746,7200931657
Kyle Blake,747,7200931658
James Bailey,748,7200931659
Heidi Wood,749,7200931660
Johnny Nguyen,750,7200931661
Olivia Watson,751,7200931662
Anita Jenkins,752,7200931663
John Coleman,753,7200931664
Adam Best,754,7200931665
Cheryl Peterson,755,7200931666
Rebecca Jensen,756,7200931667
Gabriel Norris,757,7200931668
Anne Murphy,758,7200931669
Thomas Phillips,759,7200931670
Nicholas Conley,760,7200931671
Jennifer Weaver,761,7200931672
Cory Miller,762,7200931673
Barbara Lopez,763,7200931674
Maria Campbell,764,7200931675
Duane Lee,765,7200931676
Danny Jones,766,7200931677
Hannah Moore,767,7200931678
Mckenzie Howe,768,7200931679
Ashley Williams,769,7200931680
Laura Randall,770,7200931681
Katherine Morris,771,7200931682
Martha Bradford,772,7200931683
Jessica Martinez,773,7200931684
Emily Myers,774,7200931685
Steven Villa,775,7200931686
David Walker,776,7200931687
Timothy Rodriguez,777,7200931688
Kevin Lucas,778,7200931689
Sarah Fischer,779,7200931690
Joshua Weeks,780,7200931691
Nicholas Conley,781,7200931692
Jeremy Stevens,782,7200931693
Paul Hammond,783,7200931694
Jerry Hernandez,784,7200931695
Scott Sheppard,785,7200931647
Stanley Lewis,786,7200931648
Javier Li,787,7200931649
Christopher Johnston,788,7200931650
Melissa Hicks,789,7200931651
Christian Maddox,790,7200931652
Paul Hammond,791,7200931653
Madison Williamson,792,7200931654
Rachael Duran,793,7200931655
Sherri Taylor,794,7200931656
Jennifer Weaver,795,7200931657
Kyle Blake,796,7200931658
James Bailey,797,7200931659
Heidi Wood,798,7200931660
Johnny Nguyen,799,7200931661
Olivia Watson,800,7200931662
Anita Jenkins,801,7200931663
John Coleman,802,7200931664
Adam Best,803,7200931665
Cheryl Peterson,804,7200931666
Rebecca Jensen,805,7200931667
Gabriel Norris,806,7200931668
Anne Murphy,807,7200931669
Thomas Phillips,808,7200931670
Nicholas Conley,809,7200931671
Jennifer Weaver,810,7200931672
Cory Miller,811,7200931673
Barbara Lopez,812,7200931674
Maria Campbell,813,7200931675
Duane Lee,814,7200931676
Danny Jones,815,7200931677
Hannah Moore,816,7200931678
Mckenzie Howe,817,7200931679
Ashley Williams,818,7200931680
Laura Randall,819,7200931681
Katherine Morris,820,7200931682
Martha Bradford,821,7200931683
Jessica Martinez,822,7200931684
Emily Myers,823,7200931685
Steven Villa,824,7200931686
David Walker,825,7200931687
Timothy Rodriguez,826,7200931688
Kevin Lucas,827,7200931689
Sarah Fischer,828,7200931690
Joshua Weeks,829,7200931691
Nicholas Conley,830,7200931692
Jeremy Stevens,831,7200931693
Paul Hammond,832,7200931694
Jerry Hernandez,833,7200931695
Scott Sheppard,834,7200931647
Stanley Lewis,835,7200931648
Javier Li,836,7200931649
Christopher Johnston,837,7200931650
Melissa Hicks,838,7200931651
Christian Maddox,839,7200931652
Paul Hammond,840,7200931653
Madison Williamson,841,7200931654
Rachael Duran,842,7200931655
Sherri Taylor,843,7200931656
Jennifer Weaver,844,7200931657
Kyle Blake,845,7200931658
James Bailey,846,7200931659
Heidi Wood,847,7200931660
Johnny Nguyen,848,7200931661
Olivia Watson,849,7200931662
Anita Jenkins,850,7200931663
John Coleman,851,7200931664
Adam Best,852,7200931665
Cheryl Peterson,853,7200931666
Rebecca Jensen,854,7200931667
Gabriel Norris,855,7200931668
Anne Murphy,856,7200931669
Thomas Phillips,857,7200931670
Nicholas Conley,858,7200931671
Jennifer Weaver,859,7200931672
Cory Miller,860,7200931673
Barbara Lopez,861,7200931674
Maria Campbell,862,7200931675
Duane Lee,863,7200931676
Danny Jones,864,7200931677
Hannah Moore,865,7200931678
Mckenzie Howe,866,7200931679
Ashley Williams,867,7200931680
Laura Randall,868,7200931681
Katherine Morris,869,7200931682
Martha Bradford,870,7200931683
Jessica Martinez,871,7200931684
Emily Myers,872,7200931685
Steven Villa,873,7200931686
David Walker,874,7200931687
Timothy Rodriguez,875,7200931688
Kevin Lucas,876,7200931689
Sarah Fischer,877,7200931690
Joshua Weeks,878,7200931691
Nicholas Conley,879,7200931692
Jeremy Stevens,880,7200931693
Paul Hammond,881,7200931694
Jerry Hernandez,882,7200931695
Scott Sheppard,883,7200931647
Stanley Lewis,884,7200931648
Javier Li,885,7200931649
Christopher Johnston,886,7200931650
Melissa Hicks,887,7200931651
Christian Maddox,888,7200931652
Paul Hammond,889,7200931653
Madison Williamson,890,7200931654
Rachael Duran,891,7200931655
Sherri Taylor,892,7200931656
Jennifer Weaver,893,7200931657
Kyle Blake,894,7200931658
James Bailey,895,7200931659
Heidi Wood,896,7200931660
Johnny Nguyen,897,7200931661
Olivia Watson,898,7200931662
Anita Jenkins,899,7200931663
John Coleman,900,7200931664
Adam Best,901,7200931665
Cheryl Peterson,902,7200931666
Rebecca Jensen,903,7200931667
Gabriel Norris,904,7200931668
Anne Murphy,905,7200931669
Thomas Phillips,906,7200931670
Nicholas Conley,907,7200931671
Jennifer Weaver,908,7200931672
Cory Miller,909,7200931673
Barbara Lopez,910,7200931674
Maria Campbell,911,7200931675
Duane Lee,912,7200931676
Danny Jones,913,7200931677
Hannah Moore,914,7200931678
Mckenzie Howe,915,7200931679
Ashley Williams,916,7200931680
Laura Randall,917,7200931681
Katherine Morris,918,7200931682
Martha Bradford,919,7200931683
Jessica Martinez,920,7200931684
Emily Myers,921,7200931685
Steven Villa,922,7200931686
David Walker,923,7200931687
Timothy Rodriguez,924,7200931688
Kevin Lucas,925,7200931689
Sarah Fischer,926,7200931690
Joshua Weeks,927,7200931691
Nicholas Conley,928,7200931692
Jeremy Stevens,929,7200931693
Paul Hammond,930,7200931694
Jerry Hernandez,931,7200931695
Scott Sheppard,932,7200931647
Stanley Lewis,933,7200931648
Javier Li,934,7200931649
Christopher Johnston,935,7200931650
Melissa Hicks,936,7200931651
Christian Maddox,937,7200931652
Paul Hammond,938,7200931653
Madison Williamson,939,7200931654
Rachael Duran,940,7200931655
Sherri Taylor,941,7200931656
Jennifer Weaver,942,7200931657
Kyle Blake,943,7200931658
James Bailey,944,7200931659
Heidi Wood,945,7200931660
Johnny Nguyen,946,7200931661
Olivia Watson,947,7200931662
Anita Jenkins,948,7200931663
John Coleman,949,7200931664
Adam Best,950,7200931665
Cheryl Peterson,951,7200931666
Rebecca Jensen,952,7200931667
Gabriel Norris,953,7200931668
Anne Murphy,954,7200931669
Thomas Phillips,955,7200931670
Nicholas Conley,956,7200931671
Jennifer Weaver,957,7200931672
Cory Miller,958,7200931673
Barbara Lopez,959,7200931674
Maria Campbell,960,7200931675
Duane Lee,961,7200931676
Danny Jones,962,7200931677
Hannah Moore,963,7200931678
Mckenzie Howe,964,7200931679
Ashley Williams,965,7200931680
Laura Randall,966,7200931681
Katherine Morris,967,7200931682
Martha Bradford,968,7200931683
Jessica Martinez,969,7200931684
Emily Myers,970,7200931685
Steven Villa,971,7200931686
David Walker,972,7200931687
Timothy Rodriguez,973,7200931688
Kevin Lucas,974,7200931689
Sarah Fischer,975,7200931690
Joshua Weeks,976,7200931691
Nicholas Conley,977,7200931692
Jeremy Stevens,978,7200931693
Paul Hammond,979,7200931694
Jerry Hernandez,980,7200931695
Scott Sheppard,981,7200931647
Stanley Lewis,982,7200931648
Javier Li,983,7200931649
Christopher Johnston,984,7200931650
Melissa Hicks,985,7200931651
Christian Maddox,986,7200931652
Paul Hammond,987,7200931653
Madison Williamson,988,7200931654
Rachael Duran,989,7200931655
Sherri Taylor,990,7200931656
Jennifer Weaver,991,7200931657
Kyle Blake,992,7200931658
James Bailey,993,7200931659
Heidi Wood,994,7200931660
Johnny Nguyen,995,7200931661
Olivia Watson,996,7200931662
Anita Jenkins,997,7200931663
John Coleman,998,7200931664
Adam Best,999,7200931665
Cheryl Peterson,1000,7200931666
Rebecca Jensen,1001,7200931667
Gabriel Norris,1002,7200931668
Anne Murphy,1003,7200931669
Thomas Phillips,1004,7200931670
Nicholas Conley,1005,7200931671
Jennifer Weaver,1006,7200931672
Cory Miller,1007,7200931673
Barbara Lopez,1008,7200931674
Maria Campbell,1009,7200931675
Duane Lee,1010,7200931676
Danny Jones,1011,7200931677
Hannah Moore,1012,7200931678
Mckenzie Howe,1013,7200931679
Ashley Williams,1014,7200931680
Laura Randall,1015,7200931681
Katherine Morris,1016,7200931682
Martha Bradford,1017,7200931683
Jessica Martinez,1018,7200931684
Emily Myers,1019,7200931685
Steven Villa,1020,7200931686
David Walker,1021,7200931687
Timothy Rodriguez,1022,7200931688
Kevin Lucas,1023,7200931689
Sarah Fischer,1024,7200931690
Joshua Weeks,1025,7200931691
Nicholas Conley,1026,7200931692
Jeremy Stevens,1027,7200931693
Paul Hammond,1028,7200931694
Jerry Hernandez,1029,7200931695
Scott Sheppard,1030,7200931647
Stanley Lewis,1031,7200931648
Javier Li,1032,7200931649
Christopher Johnston,1033,7200931650
Melissa Hicks,1034,7200931651
Christian Maddox,1035,7200931652
Paul Hammond,1036,7200931653
Madison Williamson,1037,7200931654
Rachael Duran,1038,7200931655
Sherri Taylor,1039,7200931656
Jennifer Weaver,1040,7200931657
Kyle Blake,1041,7200931658
James Bailey,1042,7200931659
Heidi Wood,1043,7200931660
Johnny Nguyen,1044,7200931661
Olivia Watson,1045,7200931662
Anita Jenkins,1046,7200931663
John Coleman,1047,7200931664
Adam Best,1048,7200931665
Cheryl Peterson,1049,7200931666
Rebecca Jensen,1050,7200931667
Gabriel Norris,1051,7200931668
Anne Murphy,1052,7200931669
Thomas Phillips,1053,7200931670
Nicholas Conley,1054,7200931671
Jennifer Weaver,1055,7200931672
Cory Miller,1056,7200931673
Barbara Lopez,1057,7200931674
Maria Campbell,1058,7200931675
Duane Lee,1059,7200931676
Danny Jones,1060,7200931677
Hannah Moore,1061,7200931678
Mckenzie Howe,1062,7200931679
Ashley Williams,1063,7200931680
Laura Randall,1064,7200931681
Katherine Morris,1065,7200931682
Martha Bradford,1066,7200931683
Jessica Martinez,1067,7200931684
Emily Myers,1068,7200931685
Steven Villa,1069,7200931686
David Walker,1070,7200931687
Timothy Rodriguez,1071,7200931688
Kevin Lucas,1072,7200931689
Sarah Fischer,1073,7200931690
Joshua Weeks,1074,7200931691
Nicholas Conley,1075,7200931692
Jeremy Stevens,1076,7200931693
Paul Hammond,1077,7200931694
Jerry Hernandez,1078,7200931695
Scott Sheppard,1079,7200931647
Stanley Lewis,1080,7200931648
Javier Li,1081,7200931649
Christopher Johnston,1082,7200931650
Melissa Hicks,1083,7200931651
Christian Maddox,1084,7200931652
Paul Hammond,1085,7200931653
Madison Williamson,1086,7200931654
Rachael Duran,1087,7200931655
Sherri Taylor,1088,7200931656
Jennifer Weaver,1089,7200931657
Kyle Blake,1090,7200931658
James Bailey,1091,7200931659
Heidi Wood,1092,7200931660
Johnny Nguyen,1093,7200931661
Olivia Watson,1094,7200931662
Anita Jenkins,1095,7200931663
John Coleman,1096,7200931664
Adam Best,1097,7200931665
Cheryl Peterson,1098,7200931666
Rebecca Jensen,1099,7200931667
Gabriel Norris,1100,7200931668
Anne Murphy,1101,7200931669
Thomas Phillips,1102,7200931670
Nicholas Conley,1103,7200931671
Jennifer Weaver,1104,7200931672
Cory Miller,1105,7200931673
Barbara Lopez,1106,7200931674
Maria Campbell,1107,7200931675
Duane Lee,1108,7200931676
Danny Jones,1109,7200931677
Hannah Moore,1110,7200931678
Mckenzie Howe,1111,7200931679
Ashley Williams,1112,7200931680
Laura Randall,1113,7200931681
Katherine Morris,1114,7200931682
Martha Bradford,1115,7200931683
Jessica Martinez,1116,7200931684
Emily Myers,1117,7200931685
Steven Villa,1118,7200931686
David Walker,1119,7200931687
Timothy Rodriguez,1120,7200931688
Kevin Lucas,1121,7200931689
Sarah Fischer,1122,7200931690
Joshua Weeks,1123,7200931691
Nicholas Conley,1124,7200931692
Jeremy Stevens,1125,7200931693
Paul Hammond,1126,7200931694
Jerry Hernandez,1127,7200931695
Scott Sheppard,1128,7200931647
Stanley Lewis,1129,7200931648
Javier Li,1130,7200931649
Christopher Johnston,1131,7200931650
Melissa Hicks,1132,7200931651
Christian Maddox,1133,7200931652
Paul Hammond,1134,7200931653
Madison Williamson,1135,7200931654
Rachael Duran,1136,7200931655
Sherri Taylor,1137,7200931656
Jennifer Weaver,1138,7200931657
Kyle Blake,1139,7200931658
James Bailey,1140,7200931659
Heidi Wood,1141,7200931660
Johnny Nguyen,1142,7200931661
Olivia Watson,1143,7200931662
Anita Jenkins,1144,7200931663
John Coleman,1145,7200931664
Adam Best,1146,7200931665
Cheryl Peterson,1147,7200931666
Rebecca Jensen,1148,7200931667
Gabriel Norris,1149,7200931668
Anne Murphy,1150,7200931669
Thomas Phillips,1151,7200931670
Nicholas Conley,1152,7200931671
Jennifer Weaver,1153,7200931672
Cory Miller,1154,7200931673
Barbara Lopez,1155,7200931674
Maria Campbell,1156,7200931675
Duane Lee,1157,7200931676
Danny Jones,1158,7200931677
Hannah Moore,1159,7200931678
Mckenzie Howe,1160,7200931679
Ashley Williams,1161,7200931680
Laura Randall,1162,7200931681
Katherine Morris,1163,7200931682
Martha Bradford,1164,7200931683
Jessica Martinez,1165,7200931684
Emily Myers,1166,7200931685
Steven Villa,1167,7200931686
David Walker,1168,7200931687
Timothy Rodriguez,1169,7200931688
Kevin Lucas,1170,7200931689
Sarah Fischer,1171,7200931690
Joshua Weeks,1172,7200931691
Nicholas Conley,1173,7200931692
Jeremy Stevens,1174,7200931693
Paul Hammond,1175,7200931694
Jerry Hernandez,1176,7200931695
Scott Sheppard,1177,7200931647
Stanley Lewis,1178,7200931648
Javier Li,1179,7200931649
Christopher Johnston,1180,7200931650
Melissa Hicks,1181,7200931651
Christian Maddox,1182,7200931652
Paul Hammond,1183,7200931653
Madison Williamson,1184,7200931654
Rachael Duran,1185,7200931655
Sherri Taylor,1186,7200931656
Jennifer Weaver,1187,7200931657
Kyle Blake,1188,7200931658
James Bailey,1189,7200931659
Heidi Wood,1190,7200931660
Johnny Nguyen,1191,7200931661
Olivia Watson,1192,7200931662
Anita Jenkins,1193,7200931663
John Coleman,1194,7200931664
Adam Best,1195,7200931665
Cheryl Peterson,1196,7200931666
Rebecca Jensen,1197,7200931667
Gabriel Norris,1198,7200931668
Anne Murphy,1199,7200931669
Thomas Phillips,1200,7200931670
Nicholas Conley,1201,7200931671
Jennifer Weaver,1202,7200931672
Cory Miller,1203,7200931673
Barbara Lopez,1204,7200931674
Maria Campbell,1205,7200931675
Duane Lee,1206,7200931676
Danny Jones,1207,7200931677
Hannah Moore,1208,7200931678
Mckenzie Howe,1209,7200931679
Ashley Williams,1210,7200931680
Laura Randall,1211,7200931681
Katherine Morris,1212,7200931682
Martha Bradford,1213,7200931683
Jessica Martinez,1214,7200931684
Emily Myers,1215,7200931685
Steven Villa,1216,7200931686
David Walker,1217,7200931687
Timothy Rodriguez,1218,7200931688
Kevin Lucas,1219,7200931689
Sarah Fischer,1220,7200931690
Joshua Weeks,1221,7200931691
Nicholas Conley,1222,7200931692
Jeremy Stevens,1223,7200931693
Paul Hammond,1224,7200931694
Jerry Hernandez,1225,7200931695
Scott Sheppard,1226,7200931647
Stanley Lewis,1227,7200931648
Javier Li,1228,7200931649
Christopher Johnston,1229,7200931650
Melissa Hicks,1230,7200931651
Christian Maddox,1231,7200931652
Paul Hammond,1232,7200931653
Madison Williamson,1233,7200931654
Rachael Duran,1234,7200931655
Sherri Taylor,1235,7200931656
Jennifer Weaver,1236,7200931657
Kyle Blake,1237,7200931658
James Bailey,1238,7200931659
Heidi Wood,1239,7200931660
Johnny Nguyen,1240,7200931661
Olivia Watson,1241,7200931662
Anita Jenkins,1242,7200931663
John Coleman,1243,7200931664
Adam Best,1244,7200931665
Cheryl Peterson,1245,7200931666
Rebecca Jensen,1246,7200931667
Gabriel Norris,1247,7200931668
Anne Murphy,1248,7200931669
Thomas Phillips,1249,7200931670
Nicholas Conley,1250,7200931671
Jennifer Weaver,1251,7200931672
Cory Miller,1252,7200931673
Barbara Lopez,1253,7200931674
Maria Campbell,1254,7200931675
Duane Lee,1255,7200931676
Danny Jones,1256,7200931677
Hannah Moore,1257,7200931678
Mckenzie Howe,1258,7200931679
Ashley Williams,1259,7200931680
Laura Randall,1260,7200931681
Katherine Morris,1261,7200931682
Martha Bradford,1262,7200931683
Jessica Martinez,1263,7200931684
Emily Myers,1264,7200931685
Steven Villa,1265,7200931686
David Walker,1266,7200931687
Timothy Rodriguez,1267,7200931688
Kevin Lucas,1268,7200931689
Sarah Fischer,1269,7200931690
Joshua Weeks,1270,7200931691
Nicholas Conley,1271,7200931692
Jeremy Stevens,1272,7200931693
Paul Hammond,1273,7200931694
Jerry Hernandez,1274,7200931695
Scott Sheppard,1275,7200931647
Stanley Lewis,1276,7200931648
Javier Li,1277,7200931649
Christopher Johnston,1278,7200931650
Melissa Hicks,1279,7200931651
Christian Maddox,1280,7200931652
Paul Hammond,1281,7200931653
Madison Williamson,1282,7200931654
Rachael Duran,1283,7200931655
Sherri Taylor,1284,7200931656
Jennifer Weaver,1285,7200931657
Kyle Blake,1286,7200931658
James Bailey,1287,7200931659
Heidi Wood,1288,7200931660
Johnny Nguyen,1289,7200931661
Olivia Watson,1290,7200931662
Anita Jenkins,1291,7200931663
John Coleman,1292,7200931664
Adam Best,1293,7200931665
Cheryl Peterson,1294,7200931666
Rebecca Jensen,1295,7200931667
Gabriel Norris,1296,7200931668
Anne Murphy,1297,7200931669
Thomas Phillips,1298,7200931670
Nicholas Conley,1299,7200931671
Jennifer Weaver,1300,7200931672
Cory Miller,1301,7200931673
Barbara Lopez,1302,7200931674
Maria Campbell,1303,7200931675
Duane Lee,1304,7200931676
Danny Jones,1305,7200931677
Hannah Moore,1306,7200931678
Mckenzie Howe,1307,7200931679
Ashley Williams,1308,7200931680
Laura Randall,1309,7200931681
Katherine Morris,1310,7200931682
Martha Bradford,1311,7200931683
Jessica Martinez,1312,7200931684
Emily Myers,1313,7200931685
Steven Villa,1314,7200931686
David Walker,1315,7200931687
Timothy Rodriguez,1316,7200931688
Kevin Lucas,1317,7200931689
Sarah Fischer,1318,7200931690
Joshua Weeks,1319,7200931691
Nicholas Conley,1320,7200931692
Jeremy Stevens,1321,7200931693
Paul Hammond,1322,7200931694
Jerry Hernandez,1323,7200931695
Scott Sheppard,1324,7200931647
Stanley Lewis,1325,7200931648
Javier Li,1326,7200931649
Christopher Johnston,1327,7200931650
Melissa Hicks,1328,7200931651
Christian Maddox,1329,7200931652
Paul Hammond,1330,7200931653
Madison Williamson,1331,7200931654
Rachael Duran,1332,7200931655
Sherri Taylor,1333,7200931656
Jennifer Weaver,1334,7200931657
Kyle Blake,1335,7200931658
James Bailey,1336,7200931659
Heidi Wood,1337,7200931660
Johnny Nguyen,1338,7200931661
Olivia Watson,1339,7200931662
Anita Jenkins,1340,7200931663
John Coleman,1341,7200931664
Adam Best,1342,7200931665
Cheryl Peterson,1343,7200931666
Rebecca Jensen,1344,7200931667
Gabriel Norris,1345,7200931668
Anne Murphy,1346,7200931669
Thomas Phillips,1347,7200931670
Nicholas Conley,1348,7200931671
Jennifer Weaver,1349,7200931672
Cory Miller,1350,7200931673
Barbara Lopez,1351,7200931674
Maria Campbell,1352,7200931675
Duane Lee,1353,7200931676
Danny Jones,1354,7200931677
Hannah Moore,1355,7200931678
Mckenzie Howe,1356,7200931679
Ashley Williams,1357,7200931680
Laura Randall,1358,7200931681
Katherine Morris,1359,7200931682
Martha Bradford,1360,7200931683
Jessica Martinez,1361,7200931684
Emily Myers,1362,7200931685
Steven Villa,1363,7200931686
David Walker,1364,7200931687
Timothy Rodriguez,1365,7200931688
Kevin Lucas,1366,7200931689
Sarah Fischer,1367,7200931690
Joshua Weeks,1368,7200931691
Nicholas Conley,1369,7200931692
Jeremy Stevens,1370,7200931693
Paul Hammond,1371,7200931694
Jerry Hernandez,1372,7200931695
Scott Sheppard,1373,7200931647
Stanley Lewis,1374,7200931648
Javier Li,1375,7200931649
Christopher Johnston,1376,7200931650
Melissa Hicks,1377,7200931651
Christian Maddox,1378,7200931652
Paul Hammond,1379,7200931653
Madison Williamson,1380,7200931654
Rachael Duran,1381,7200931655
Sherri Taylor,1382,7200931656
Jennifer Weaver,1383,7200931657
Kyle Blake,1384,7200931658
James Bailey,1385,7200931659
Heidi Wood,1386,7200931660
Johnny Nguyen,1387,7200931661
Olivia Watson,1388,7200931662
Anita Jenkins,1389,7200931663
John Coleman,1390,7200931664
Adam Best,1391,7200931665
Cheryl Peterson,1392,7200931666
Rebecca Jensen,1393,7200931667
Gabriel Norris,1394,7200931668
Anne Murphy,1395,7200931669
Thomas Phillips,1396,7200931670
Nicholas Conley,1397,7200931671
Jennifer Weaver,1398,7200931672
Cory Miller,1399,7200931673
Barbara Lopez,1400,7200931674
Maria Campbell,1401,7200931675
Duane Lee,1402,7200931676
Danny Jones,1403,7200931677
Hannah Moore,1404,7200931678
Mckenzie Howe,1405,7200931679
Ashley Williams,1406,7200931680
Laura Randall,1407,7200931681
Katherine Morris,1408,7200931682
Martha Bradford,1409,7200931683
Jessica Martinez,1410,7200931684
Emily Myers,1411,7200931685
Steven Villa,1412,7200931686
David Walker,1413,7200931687
Timothy Rodriguez,1414,7200931688
Kevin Lucas,1415,7200931689
Sarah Fischer,1416,7200931690
Joshua Weeks,1417,7200931691
Nicholas Conley,1418,7200931692
Jeremy Stevens,1419,7200931693
Paul Hammond,1420,7200931694
Jerry Hernandez,1421,7200931695
Scott Sheppard,1422,7200931647
Stanley Lewis,1423,7200931648
Javier Li,1424,7200931649
Christopher Johnston,1425,7200931650
Melissa Hicks,1426,7200931651
Christian Maddox,1427,7200931652
Paul Hammond,1428,7200931653
Madison Williamson,1429,7200931654
Rachael Duran,1430,7200931655
Sherri Taylor,1431,7200931656
Jennifer Weaver,1432,7200931657
Kyle Blake,1433,7200931658
James Bailey,1434,7200931659
Heidi Wood,1435,7200931660
Johnny Nguyen,1436,7200931661
Olivia Watson,1437,7200931662
Anita Jenkins,1438,7200931663
John Coleman,1439,7200931664
Adam Best,1440,7200931665
Cheryl Peterson,1441,7200931666
Rebecca Jensen,1442,7200931667
Gabriel Norris,1443,7200931668
Anne Murphy,1444,7200931669
Thomas Phillips,1445,7200931670
Nicholas Conley,1446,7200931671
Jennifer Weaver,1447,7200931672
Cory Miller,1448,7200931673
Barbara Lopez,1449,7200931674
Maria Campbell,1450,7200931675
Duane Lee,1451,7200931676
Danny Jones,1452,7200931677
Hannah Moore,1453,7200931678
Mckenzie Howe,1454,7200931679
Ashley Williams,1455,7200931680
Laura Randall,1456,7200931681
Katherine Morris,1457,7200931682
Martha Bradford,1458,7200931683
Jessica Martinez,1459,7200931684
Emily Myers,1460,7200931685
Steven Villa,1461,7200931686
David Walker,1462,7200931687
Timothy Rodriguez,1463,7200931688
Kevin Lucas,1464,7200931689
Sarah Fischer,1465,7200931690
Joshua Weeks,1466,7200931691
Nicholas Conley,1467,7200931692
Jeremy Stevens,1468,7200931693
Paul Hammond,1469,7200931694
Jerry Hernandez,1470,7200931695
Scott Sheppard,1471,7200931647
Stanley Lewis,1472,7200931648
Javier Li,1473,7200931649
Christopher Johnston,1474,7200931650
Melissa Hicks,1475,7200931651
Christian Maddox,1476,7200931652
Paul Hammond,1477,7200931653
Madison Williamson,1478,7200931654
Rachael Duran,1479,7200931655
Sherri Taylor,1480,7200931656
Jennifer Weaver,1481,7200931657
Kyle Blake,1482,7200931658
James Bailey,1483,7200931659
Heidi Wood,1484,7200931660
Johnny Nguyen,1485,7200931661
Olivia Watson,1486,7200931662
Anita Jenkins,1487,7200931663
John Coleman,1488,7200931664
Adam Best,1489,7200931665
Cheryl Peterson,1490,7200931666
Rebecca Jensen,1491,7200931667
Gabriel Norris,1492,7200931668
Anne Murphy,1493,7200931669
Thomas Phillips,1494,7200931670
Nicholas Conley,1495,7200931671
Jennifer Weaver,1496,7200931672
Cory Miller,1497,7200931673
Barbara Lopez,1498,7200931674
Maria Campbell,1499,7200931675
Infant Josuha,1500,7200931676
